Campaign,Asset Group,Asset Type,Asset Text,Final URL,Business Name,Call to Action
Performance Max - Wedding,Wedding Transportation - Chicago,Headline,"Chicago Wedding Limo",https://chicagoweddingtransportation.com,,
Performance Max - Wedding,Wedding Transportation - Chicago,Headline,"Wedding Transportation",https://chicagoweddingtransportation.com,,
Performance Max - Wedding,Wedding Transportation - Chicago,Headline,"Bridal Party Transport",https://chicagoweddingtransportation.com,,
Performance Max - Wedding,Wedding Transportation - Chicago,Headline,"Wedding Guest Shuttles",https://chicagoweddingtransportation.com,,
Performance Max - Wedding,Wedding Transportation - Chicago,Headline,"Elegant Wedding Cars",https://chicagoweddingtransportation.com,,
Performance Max - Wedding,Wedding Transportation - Chicago,Headline,"Luxury Wedding Service",https://chicagoweddingtransportation.com,,
Performance Max - Wedding,Wedding Transportation - Chicago,Headline,"Wedding Day Transport",https://chicagoweddingtransportation.com,,
Performance Max - Wedding,Wedding Transportation - Chicago,Headline,"Bride & Groom Limo",https://chicagoweddingtransportation.com,,
Performance Max - Wedding,Wedding Transportation - Chicago,Headline,"Wedding Party Bus",https://chicagoweddingtransportation.com,,
Performance Max - Wedding,Wedding Transportation - Chicago,Headline,"Chicago Wedding Cars",https://chicagoweddingtransportation.com,,
Performance Max - Wedding,Wedding Transportation - Chicago,Headline,"Romantic Getaway Car",https://chicagoweddingtransportation.com,,
Performance Max - Wedding,Wedding Transportation - Chicago,Headline,"Photo-Ready Vehicles",https://chicagoweddingtransportation.com,,
Performance Max - Wedding,Wedding Transportation - Chicago,Headline,"Wedding Coordinator",https://chicagoweddingtransportation.com,,
Performance Max - Wedding,Wedding Transportation - Chicago,Headline,"Red Carpet Service",https://chicagoweddingtransportation.com,,
Performance Max - Wedding,Wedding Transportation - Chicago,Headline,"Your Special Day",https://chicagoweddingtransportation.com,,
Performance Max - Wedding,Wedding Transportation - Chicago,Long Headline,"Elegant Chicago Wedding Transportation for Your Special Day",https://chicagoweddingtransportation.com,,
Performance Max - Wedding,Wedding Transportation - Chicago,Long Headline,"Luxury Wedding Limousines & Guest Shuttle Services",https://chicagoweddingtransportation.com,,
Performance Max - Wedding,Wedding Transportation - Chicago,Long Headline,"Professional Wedding Transportation with Dedicated Coordinator",https://chicagoweddingtransportation.com,,
Performance Max - Wedding,Wedding Transportation - Chicago,Long Headline,"Premium Bridal Party Transport - Photo-Ready Luxury Vehicles",https://chicagoweddingtransportation.com,,
Performance Max - Wedding,Wedding Transportation - Chicago,Long Headline,"Chicago Wedding Car Service - Stretch Limos & Party Buses",https://chicagoweddingtransportation.com,,
Performance Max - Wedding,Wedding Transportation - Chicago,Description,"Elegant wedding transportation in Chicago. Luxury limos, guest shuttles, bridal party transport. Make your day unforgettable.",https://chicagoweddingtransportation.com,,
Performance Max - Wedding,Wedding Transportation - Chicago,Description,"Premium wedding car service. Stretch limousines, SUVs, party buses. Dedicated wedding coordinator, red carpet service.",https://chicagoweddingtransportation.com,,
Performance Max - Wedding,Wedding Transportation - Chicago,Description,"Chicago wedding transportation specialists. Photo-ready vehicles, professional chauffeurs, seamless coordination.",https://chicagoweddingtransportation.com,,
Performance Max - Wedding,Wedding Transportation - Chicago,Description,"Luxury wedding limo service. Bride & groom cars, guest shuttles, after-party transport. Book your dream wedding ride.",https://chicagoweddingtransportation.com,,
Performance Max - Wedding,Wedding Transportation - Chicago,Business Name,"Chicago Wedding Transportation",https://chicagoweddingtransportation.com,"Chicago Wedding Transportation",
Performance Max - Wedding,Wedding Transportation - Chicago,Call to Action,"Get Quote",https://chicagoweddingtransportation.com,,"Get Quote"